{
  "scaling_validated": true,
  "fitted_exponent": 1.9999999999999996,
  "expected_exponent": 2.0,
  "relative_error": 2.220446049250313e-16,
  "r_squared": 1.0,
  "data": {
    "R_values": [
      2.5,
      5.0,
      10.0,
      20.0
    ],
    "corrections": [
      0.36666666666666664,
      0.09166666666666666,
      0.022916666666666665,
      0.005729166666666666
    ],
    "log_fit_coefficients": [
      -1.9999999999999996,
      0.8292793548845263
    ]
  },
  "interpretation": "Corrections scale as R^(-2.00), theory predicts R^(-2.0)"
}