{
  "scaling_validated": true,
  "fitted_exponent": 2.0000000000000013,
  "expected_exponent": 2.0,
  "relative_error": 6.661338147750939e-16,
  "r_squared": 1.0,
  "data": {
    "R_values": [
      5.0,
      10.0,
      20.0,
      40.0
    ],
    "corrections": [
      0.09166666666666666,
      0.022916666666666665,
      0.005729166666666666,
      0.0014322916666666666
    ],
    "log_fit_coefficients": [
      -2.0000000000000013,
      0.8292793548845292
    ]
  },
  "interpretation": "Corrections scale as R^(-2.00), theory predicts R^(-2.0)"
}