{
  "parameters": {
    "R": 10.0,
    "alpha": 0.5,
    "l_max": 20
  },
  "eigenvalues": {
    "exact": [
      0.0,
      0.02,
      0.06,
      0.12,
      0.2,
      0.3,
      0.42,
      0.56,
      0.72,
      0.9,
      1.1,
      1.32,
      1.56,
      1.82,
      2.1,
      2.4,
      2.72,
      3.06,
      3.42,
      3.8,
      4.2
    ],
    "fractional_exact": [
      0.0,
      0.1414213562373095,
      0.2449489742783178,
      0.34641016151377546,
      0.4472135954999579,
      0.5477225575051661,
      0.648074069840786,
      0.7483314773547883,
      0.848528137423857,
      0.9486832980505138,
      1.0488088481701516,
      1.1489125293076057,
      1.2489995996796797,
      1.3490737563232043,
      1.449137674618944,
      1.5491933384829668,
      1.6492422502470643,
      1.7492855684535902,
      1.849324200890693,
      1.9493588689617927,
      2.04939015319192
    ],
    "fractional_corrected": [
      0.0,
      0.14100468957064283,
      0.2436989742783178,
      0.34391016151377546,
      0.4430469288332913,
      0.5414725575051661,
      0.6393240698407859,
      0.7366648106881216,
      0.833528137423857,
      0.9299332980505137,
      1.025892181503485,
      1.1214125293076056,
      1.2164995996796797,
      1.3111570896565377,
      1.405387674618944,
      1.4991933384829668,
      1.5925755835803976,
      1.6855355684535902,
      1.778074200890693,
      1.870192202295126,
      1.96189015319192
    ],
    "corrections": [
      -0.0,
      -0.00041666666666666664,
      -0.0012499999999999998,
      -0.0024999999999999996,
      -0.004166666666666667,
      -0.0062499999999999995,
      -0.008749999999999999,
      -0.011666666666666665,
      -0.015,
      -0.01875,
      -0.022916666666666665,
      -0.027499999999999997,
      -0.0325,
      -0.03791666666666666,
      -0.04375,
      -0.049999999999999996,
      -0.056666666666666664,
      -0.06375,
      -0.07125,
      -0.07916666666666666,
      -0.0875
    ]
  },
  "errors": {
    "relative": [
      0.0,
      0.002946278254944016,
      0.005103103630798292,
      0.007216878364870329,
      0.009316949906249091,
      0.011410886614690922,
      0.013501543121683099,
      0.01559023911155815,
      0.017677669529663705,
      0.01976423537605242,
      0.021850184336878183,
      0.023935677693908523,
      0.026020824993326638,
      0.028105703256733366,
      0.030190368221227965,
      0.032274861218395165,
      0.03435921354681382,
      0.03644344934278311,
      0.038527587518556124,
      0.040611643103370655,
      0.04269562819149828
    ],
    "max_relative_error": 0.04269562819149828,
    "mean_relative_error": 0.022877146266700094
  },
  "regimes": {
    "weak_curvature": {
      "l_values": [
        0,
        1,
        2
      ],
      "count": 3,
      "max_error": 0.005103103630798292
    },
    "intermediate": {
      "l_values": [
        3,
        4,
        5,
        6,
        7,
        8,
        9
      ],
      "count": 7,
      "max_error": 0.01976423537605242
    },
    "strong_curvature": {
      "l_values": [
        10,
        11,
        12,
        13,
        14,
        15,
        16,
        17,
        18,
        19,
        20
      ],
      "count": 11,
      "max_error": 0.04269562819149828
    }
  },
  "theory_validation": {
    "weak_regime_error_bound": 0.01,
    "weak_regime_satisfied": true,
    "convergence_order": "O(\u03ba_\u03b1\u00b2)"
  }
}