{
  "parameters": {
    "R": 5.0,
    "alpha": 0.5,
    "l_max": 50
  },
  "eigenvalues": {
    "exact": [
      0.0,
      0.08,
      0.24,
      0.48,
      0.8,
      1.2,
      1.68,
      2.24,
      2.88,
      3.6,
      4.4,
      5.28,
      6.24,
      7.28,
      8.4,
      9.6,
      10.88,
      12.24,
      13.68,
      15.2,
      16.8,
      18.48,
      20.24,
      22.08,
      24.0,
      26.0,
      28.08,
      30.24,
      32.48,
      34.8,
      37.2,
      39.68,
      42.24,
      44.88,
      47.6,
      50.4,
      53.28,
      56.24,
      59.28,
      62.4,
      65.6,
      68.88,
      72.24,
      75.68,
      79.2,
      82.8,
      86.48,
      90.24,
      94.08,
      98.0,
      102.0
    ],
    "fractional_exact": [
      0.0,
      0.282842712474619,
      0.4898979485566356,
      0.6928203230275509,
      0.8944271909999159,
      1.0954451150103321,
      1.296148139681572,
      1.4966629547095767,
      1.697056274847714,
      1.8973665961010275,
      2.0976176963403033,
      2.2978250586152114,
      2.4979991993593593,
      2.6981475126464085,
      2.898275349237888,
      3.0983866769659336,
      3.2984845004941286,
      3.4985711369071804,
      3.698648401781386,
      3.8987177379235853,
      4.09878030638384,
      4.298837052040936,
      4.498888751680797,
      4.698936049788292,
      4.898979485566356,
      5.0990195135927845,
      5.299056519796708,
      5.499090833947008,
      5.699122739510003,
      5.89915248150105,
      6.099180272790763,
      6.299206299209449,
      6.499230723708768,
      6.699253689777691,
      6.899275324264136,
      7.0992957397195395,
      7.299315036357863,
      7.49933330370107,
      7.699350621968063,
      7.899367063252599,
      8.099382692526634,
      8.299397568498572,
      8.499411744350311,
      8.699425268372618,
      8.899438184514796,
      9.09945053286186,
      9.299462350050137,
      9.499473669630333,
      9.699484522385713,
      9.899494936611665,
      10.099504938362077
    ],
    "fractional_corrected": [
      0.0,
      0.28117604580795236,
      0.4848979485566356,
      0.6828203230275509,
      0.8777605243332491,
      1.0704451150103322,
      1.261148139681572,
      1.44999628804291,
      1.637056274847714,
      1.8223665961010276,
      2.0059510296736365,
      2.1878250586152115,
      2.3679991993593594,
      2.5464808459797417,
      2.723275349237888,
      2.8983866769659334,
      3.071817833827462,
      3.2435711369071805,
      3.4136484017813857,
      3.5820510712569185,
      3.7487803063838396,
      3.913837052040936,
      4.07722208501413,
      4.238936049788292,
      4.398979485566356,
      4.5573528469261175,
      4.714056519796708,
      4.869090833947008,
      5.022456072843336,
      5.17415248150105,
      5.324180272790763,
      5.472539632542782,
      5.619230723708768,
      5.764253689777691,
      5.90760865759747,
      6.04929573971954,
      6.189315036357863,
      6.327666637034403,
      6.464350621968062,
      6.5993670632526,
      6.732716025859967,
      6.864397568498572,
      6.9944117443503115,
      7.122758601705952,
      7.249438184514796,
      7.374450532861861,
      7.49779568338347,
      7.619473669630334,
      7.739484522385713,
      7.857828269944999,
      7.974504938362077
    ],
    "corrections": [
      -0.0,
      -0.0016666666666666666,
      -0.004999999999999999,
      -0.009999999999999998,
      -0.016666666666666666,
      -0.024999999999999998,
      -0.034999999999999996,
      -0.04666666666666666,
      -0.06,
      -0.075,
      -0.09166666666666666,
      -0.10999999999999999,
      -0.13,
      -0.15166666666666664,
      -0.175,
      -0.19999999999999998,
      -0.22666666666666666,
      -0.255,
      -0.285,
      -0.31666666666666665,
      -0.35,
      -0.38499999999999995,
      -0.42166666666666663,
      -0.45999999999999996,
      -0.49999999999999994,
      -0.5416666666666666,
      -0.585,
      -0.63,
      -0.6766666666666666,
      -0.725,
      -0.7749999999999999,
      -0.8266666666666667,
      -0.8799999999999999,
      -0.9349999999999999,
      -0.9916666666666666,
      -1.0499999999999998,
      -1.1099999999999999,
      -1.1716666666666666,
      -1.2349999999999999,
      -1.2999999999999998,
      -1.3666666666666665,
      -1.4349999999999998,
      -1.505,
      -1.5766666666666667,
      -1.65,
      -1.7249999999999999,
      -1.8016666666666665,
      -1.88,
      -1.96,
      -2.0416666666666665,
      -2.125
    ]
  },
  "errors": {
    "relative": [
      0.0,
      0.005892556509887836,
      0.010206207261596585,
      0.014433756729740658,
      0.018633899812498307,
      0.022821773229381843,
      0.027003086243366024,
      0.031180478223116155,
      0.03535533905932741,
      0.03952847075210472,
      0.043700368673756367,
      0.04787135538781685,
      0.052041649986653275,
      0.0562114065134669,
      0.06038073644245593,
      0.06454972243679033,
      0.06871842709362765,
      0.07288689868556622,
      0.07705517503711225,
      0.08122328620674142,
      0.08539125638299666,
      0.08955910525085277,
      0.09372684899334999,
      0.09789450103725608,
      0.10206207261596577,
      0.10622957319984976,
      0.11039701082909809,
      0.11456439237389598,
      0.11873172373979175,
      0.12289901003127184,
      0.12706625568314092,
      0.13123346456686358,
      0.135400640077266,
      0.13956778520370183,
      0.14373490258883612,
      0.14790199457749037,
      0.15206906325745553,
      0.1562361104937723,
      0.16040313795766803,
      0.1645701471510958,
      0.16873713942763818,
      0.17290411601038685,
      0.17707107800729813,
      0.1812380264244295,
      0.1854049621773916,
      0.18957188610128872,
      0.19373879895937784,
      0.19790570145063194,
      0.202072594216369,
      0.2062394778460763,
      0.2104063528825433
    ],
    "max_relative_error": 0.2104063528825433,
    "mean_relative_error": 0.10829247447600115
  },
  "regimes": {
    "weak_curvature": {
      "l_values": [
        0,
        1
      ],
      "count": 2,
      "max_error": 0.005892556509887836
    },
    "intermediate": {
      "l_values": [
        2,
        3,
        4
      ],
      "count": 3,
      "max_error": 0.018633899812498307
    },
    "strong_curvature": {
      "l_values": [
        5,
        6,
        7,
        8,
        9,
        10,
        11,
        12,
        13,
        14,
        15,
        16,
        17,
        18,
        19,
        20,
        21,
        22,
        23,
        24,
        25,
        26,
        27,
        28,
        29,
        30,
        31,
        32,
        33,
        34,
        35,
        36,
        37,
        38,
        39,
        40,
        41,
        42,
        43,
        44,
        45,
        46,
        47,
        48,
        49,
        50
      ],
      "count": 46,
      "max_error": 0.2104063528825433
    }
  },
  "theory_validation": {
    "weak_regime_error_bound": 0.01,
    "weak_regime_satisfied": true,
    "convergence_order": "O(\u03ba_\u03b1\u00b2)"
  }
}